Song,id,danceability,energy,valence,ratings
Gone My Way - KhoMha Remix,08Hghm2hJpCxJux9YuhCG0,0.547,0.895,0.0353,0
The Discovery,5NKK0t7lYlyDsT5auDYKmq,0.414,0.127,0.0354,0
Waiting like the Storm,1CIIzFfELXMwLyKaGdpTul,0.162,0.0564,0.0361,0
Limitless,5QGNwI8U3o9mQg7RR3yOPj,0.238,0.191,0.0365,0
Cleansing,6u1ymcw9MTK9mPGy8XdvEb,0.18,0.0754,0.0366,0
Son of a Lady,1mc5ECVjhFQUMzdsvX9gwf,0.272,0.337,0.0374,0
Willet,6UesrqZXshkMjY07kVnlkU,0.425,0.168,0.0376,0
Wild Trails,2urxHALnoeVxG82o57q0ny,0.213,0.233,0.0378,0
This Reminds You - Satie Remix,7sJm369JitaQLnkymEMe7f,0.258,0.0589,0.0378,0
Light Year,1C2JiKNMjv8FaZlrgwObBJ,0.301,0.189,0.0379,0
Whitehaven,2WuNoTD5hLhu1yVgMarTFq,0.498,0.18,0.038,0
Balloon,6a9DN96EWRc56Lwl5YD7KL,0.408,0.00518,0.0381,0
It's My Fault,3QP17SZh39ZVczQnopq9BE,0.647,0.235,0.0382,0
Path to Serenity,6FI69Qkt6C2yBTVLC8zq34,0.134,0.0601,0.0388,0
Water Lillies,1sVIrkPZob1Ul6aIqy8n8z,0.234,0.226,0.0388,0
London Thunder,4gkoh2vAD57fGEITzteaUh,0.489,0.357,0.0388,0
I Don't Trust That Bird of Prey,33gVbwdqw7aRX0Y2zM7qm3,0.52,0.305,0.0389,0
Play The Ghost,0nL2bTth1UVQHWDDumMm3f,0.118,0.0567,0.0391,0
Like We Do,1Qf07UNBIu1XolBnl7XTi8,0.614,0.96,0.0392,0
Klangfall - Piano Version,4pWowM3xMkRYgHsIJDf61f,0.394,0.0807,0.0394,0
Eden - Hunted Version,5zfsg3FNA03fCUZzW2a9Fr,0.158,0.0963,0.0395,0
Adagio For Strings,1RvDsjCBDTES3lPiEGNNMY,0.349,0.793,0.0398,0
Revitalize,1sPC2IR2UwzYUrItFRE1H3,0.597,0.327,0.0399,0
the frost,7l4b5JYnl1WwUfvJgKmUwr,0.259,0.259,0.0403,0
Mercy - Live,4BntWROKZB5E0Y0K3LoHSQ,0.211,0.0838,0.0404,0
Glaciers,2No1A7ZuMaBGxz45jmA9Gw,0.0789,0.16,0.0409,0
Prelude 6 - Pt. 1,2R7BzSG2pPB99uJbU3lLmK,0.134,0.0407,0.043,0
Den inre skogen,0Zl6KnmirT1PeGZvAZY9T1,0.532,0.382,0.0455,0
The Dreamer,3XnQ3OqmfvP5Sh6gACEKnG,0.235,0.0363,0.0481,0
Kaolnite,4fItBSHKBcgKWixN1Idie5,0.247,0.231,0.0485,0
Adrift,3TNNGjgOQ7O8vwAlvlD9Fg,0.382,0.333,0.0486,0
Kangaroo (Remastered),1HdIqEOl9MxoJNsz33VOvW,0.19,0.167,0.0491,0
Cold Arms,7kpZ9isu48poYKpaAb0wiR,0.431,0.144,0.0491,0
Morning Shimmer,24PDuLZfLOKtAgh4axr36e,0.449,0.163,0.0501,0
Focus,3DZ7DFolE5U2xEGIzFjeGo,0.273,0.161,0.0503,0
Clear Skies,7bKMZYXVYzGMvnHiRDCmjy,0.421,0.136,0.0505,0
City Lights,5OxyHotdy7y789r3UQcHAB,0.341,0.0582,0.0514,0
No Time To Die,73SpzrcaHk0RQPFP73vqVR,0.38,0.219,0.0517,0
Wave of Mutilation,1BEljQOZPNNjsC3nfIAHxS,0.481,0.229,0.0525,0
Hypnagogia Well,2jpL7mFOMzRnbaSj790BfQ,0.545,0.253,0.0529,0
Intermezzo No. 1 in E Minor,1HTYYXCKpMWiHRd7qIb6ui,0.31,0.0987,0.0558,0
Event Horizon,7lSHfDPdyGdRyG234h5ToK,0.464,0.38,0.0558,0
Collapse Into Light,3jP962JoLAn9p4wCDdx4My,0.305,0.229,0.0562,0
Mil Sonidos,11oVQ68B4PnVQHIY6svpXg,0.221,0.183,0.057,0
Bloodbuzz Ohio,2pfkaHd8arhESSxyJAou6g,0.441,0.268,0.057,0
Jupiter 4,64BirkPW9F4XgzoLAiOBCP,0.475,0.498,0.0592,0
Falling,1ZMiCix7XSAbfAJlEZWMCp,0.567,0.267,0.0592,0
River,2mXnsGgq0K4qfcYmw0rccK,0.304,0.317,0.0596,0
Tomorrow,6TcYEIp0uV6lxkmt4FCqf5,0.325,0.0809,0.0604,0
You Were Bored,5BIWF6L3DnPkcuEuZmLHDz,0.291,0.419,0.0613,0
Rebuscano,55VX26X342cWBM7akigws7,0.416,0.0322,0.0614,0
"Gottes Zeit ist die allerbeste Zeit, BWV 106: 2a. Gottes Zeit, ist die allerbeste Zeit (Arr. For Piano Four Hands by György Kurtág)",7ANhXB1OJBaTb7kDoAJRLq,0.566,0.00792,0.0621,0
Out of the Deep,6HrPFcVFz9wTBqqIrpJ8iB,0.2,0.0212,0.0631,0
Presence,02QoKc20zzH9A8mf25NfPq,0.616,0.292,0.0633,0
Solitude,21UkknmSYISvDaQbaMIOgq,0.342,0.0311,0.0634,0
Panoramic Feelings (Piano Version),3hxqWxFfmbIYcrV0e7wSyL,0.25,0.00846,0.0638,0
Conversation,4THgqBGsTYJcNcQWCV92AP,0.242,0.137,0.0644,0
Monumental,6CKu6K0xvozAgFlQq44Z56,0.491,0.217,0.0647,0
Day 5: For Carol,3JjeC1epY5y2Jysxn5FVCB,0.485,0.497,0.065,0
Auburn Sky,42BtxDRqFTbE6Jb6rd9QOZ,0.265,0.035,0.0651,0
Wait For Me,6laq4MxNrh2ZKZGLhB7G0V,0.465,0.739,0.0652,0
Make Believe,56oqWZUaA8ZmHQCH3lCRI3,0.587,0.882,0.0653,0
What Should Have Been,0joCizO7Hg4JxL3o9mRAKA,0.322,0.149,0.0655,0
Water Colors,7rpGOF9MwCP2Oaz9yDO452,0.465,0.12,0.0659,0
Empty Street at Night,6CY6TBcuh13KEk34pMnZA8,0.211,0.0147,0.0667,0
Schloss,07EmFV0AOKNsbtNonzmMJj,0.438,0.073,0.0668,0
Lost,7nC2EOpMnpDT2DkvniimSm,0.389,0.1,0.0676,0
What You Love You Must Love Now,3L0fPX8biELkH57fF3Exkd,0.256,0.456,0.0682,0
0 Wilderness,44Co96UhNfnq258r2VybLE,0.186,0.271,0.0684,0
Tiptoeing,28nLvoHu6NbkHNPmoxR8uD,0.467,0.137,0.0687,0
Takeoff,4iKSrwTBu0vLSqmZUXSGXr,0.44,0.32,0.0694,0
On Another Ocean (January / June),2fgMzSoDaPrU4EYsrkAwVn,0.284,0.523,0.0697,0
mellow,1yJXNOEP2bq1N1691n37oS,0.609,0.157,0.0698,0
Fête sous les étoiles,55ux9bDGw3qTVfad3PxSTq,0.312,0.00811,0.0703,0
Tuesday,2GuchYit1FmdtXTxl6SbUE,0.323,0.0214,0.0703,0
Dew Drops,0NnFglDnuZH6qKuvhZpB0r,0.27,0.0384,0.0708,0
I dine øjne,07htwTiSZVnQfdl38siCIn,0.67,0.417,0.0708,0
Halfway There (feat. Lena Leon),3EKKIR8be1kfAAwaz1fzyS,0.59,0.888,0.0715,0
Desire Lines,63JP68VirmCXtWRoMTX8Xi,0.379,0.652,0.0724,0
Tu Vois,5ewE85NIsYxn02MhetYKqs,0.351,0.0077,0.0728,0
To Build A Home,54KFQB6N4pn926IUUYZGzK,0.264,0.122,0.0735,0
Raven's Feather - Piano Solo,7sBlA4bK7gpf2H42K6Y0H3,0.594,0.0624,0.0738,0
De Fléche,5vymVJ2WUlLnMeQqrgwQx8,0.435,0.333,0.074,0
Reality,3sqyZAk7dUY3U4ApoJcRzJ,0.651,0.836,0.0741,0
Bad Kingdom,7vCuaxRIKElwgjSAo5REkw,0.401,0.199,0.0744,0
Flying by Candlelight (ABGT300) - Above & Beyond Club Mix,0TEW7oRDKD2mjJQH507ni4,0.532,0.664,0.075,0
Used to Be,0p44zFo2S1c50vmx0B7mPF,0.201,0.0394,0.0754,0
Crossing,08Q4GyxnB8ak1ZwHnjwova,0.542,0.189,0.0755,0
People Are Strange - Festival Mix,5b61rcrjF6JG7yq0RRaOLh,0.636,0.912,0.0765,0
Surrender,0ecC8p17cDNlxHXkuYqeR6,0.39,0.448,0.077,0
Drifting,157kvk58Qr04AiuDv2aQWd,0.616,0.202,0.0773,0
Yam Yam,1j56M8iOGH48yuKqj64qGK,0.445,0.591,0.0774,0
Some Kind Of Love,0vicQm86o7GnT42GdG34sA,0.246,0.482,0.0776,0
"Song to the Siren - Recorded at Strongroom Studios, London",0hx6wJdPlMpT254F9UYQNu,0.371,0.15,0.0785,0
The Five Times I Loved You,0W4RUo3m0jL0wHADS0PLme,0.41,0.0845,0.0795,0
Misty Mornings,5FXnCOAkMUAf4QIS56MRQL,0.522,0.0781,0.0796,0
Malibu,3RlwtjeKhemCfiPvwMFozS,0.435,0.154,0.0799,0
you broke me first,45bE4HXI0AwGZXfZtMp8JR,0.642,0.374,0.0799,0
æfre,2irbT1BSYaIEF44PlyKaoM,0.377,0.0156,0.0804,0
Goya,2bo6ZMPnFkWCd0VRTMwbcs,0.365,0.00656,0.0809,0
The Night We Met - Rework,6lUDMNgZEaXVprnVgoprfT,0.506,0.0434,0.0823,0
Waiting,7eClkLWbrr3TorYedzaDkI,0.236,0.33,0.0827,0
Placidity,1XtkmIXg2o5SqOrNI8Szvk,0.261,0.25,0.0827,0
Stay Still,12nlJypOUmAV4VQxFvfAw1,0.382,0.0305,0.0835,0
Floating Sunbeams,7hJZMJqFRlypzSlxC7Kn8n,0.205,0.202,0.086,0
To The Hilt,41bqxcnDRcYsBJnJKtPCdp,0.327,0.101,0.0866,0
Open Skies,5bATh5zpKb6uauocsl0XRM,0.56,0.559,0.0869,0
Unmade,4rXDPFpzMyUIdEpNWiwzYV,0.186,0.3,0.0877,0
3ness,2aoxz8c3bHyDrZBhTKnTXh,0.35,0.0706,0.0877,0
Curious Morning,5lZyYNi8OfFWKiX1p9zDQP,0.391,0.231,0.0882,0
alpha waves,5ZCW5CDwhfXJGL2MzxGwhx,0.561,0.314,0.0883,0
In This Moment,7FORBAxm1qwuwbYo7Rtz42,0.479,0.221,0.089,0
Montana,1EyctTkkGJVS3UYTuy8YZM,0.435,0.0595,0.0898,0
Chariot,6dB3Uad2TOaJcGKpM3zizO,0.374,0.426,0.0902,0
Infinite Sustain,5AciiCKJKTLKRrAPSrKQy5,0.529,0.214,0.0903,0
Minus,5Z8onMr6EW2eNDamrDoWi5,0.244,0.254,0.0909,0
Send It,2GXOmuU3kApsq2TWqOU5Bm,0.646,0.979,0.091,0
Bayybe 07,08qO8i2K0Hxl0h8PIncyuH,0.44,0.384,0.0912,0
The Snail’s Teachings II: The Wonders of,2plPRo1J2A2erccAh1eJMB,0.334,0.00961,0.0916,0
Long Way Down,1uVk6S6Fpkrmji0iTpgKEC,0.367,0.121,0.0926,0
Only,0yfd3MSq6JEsNxOzSLJR7g,0.373,0.178,0.0933,0
Dive,5TvkWUGywzfVF5HQ9uySVF,0.434,0.531,0.0935,0
Jealous,4L2K7JKseFCBoHMZEAszW0,0.435,0.155,0.0935,0
Be My Mistake,0AG2l0IboWNSwjUkMr2Aq7,0.572,0.155,0.0949,0
Movies,4ZYFWXoHCIdsdgUdOMK9fr,0.0903,0.362,0.0964,0
I'm Your Man,5FRWe0PkPj4CQ4fvibzTEh,0.429,0.356,0.0965,0
Coda,2TFQPFUqRtgj1auq9b5PlR,0.351,0.24,0.0968,0
Bison on the Plains,0e0hVla9NkILk2JWOwVCMW,0.476,0.522,0.0973,0
The Night We Met,6mORGLOz79w6VsCRLWYYuK,0.443,0.369,0.0989,0
Skinny Love,1NyFRrFiJAJIaR6icj1goI,0.592,0.256,0.103,0
Breathe,5q2hzGmdBeXEWuMOlOMOt2,0.612,0.037,0.103,0
Creep,1ytTeSRAU6IRo2itVDwtPv,0.515,0.43,0.104,0
Slow It Down,0ewX9JsKy9oa4IifkFSroa,0.423,0.0657,0.105,0
Understudy,0Y41ZfnVaNRQp9dQiagwbC,0.494,0.263,0.105,0
Coming Home,30ACOtgBj1PqZs1erzFZkU,0.198,0.139,0.106,0
"Quiet, The Winter Harbor",1OArWxrw689jZXaJzSErbh,0.321,0.0792,0.106,0
Goshen,5rLZGAZOstOC3fqhmGChvK,0.284,0.262,0.107,0
Silver Lining,4w7vMUyVony198G1c79PSq,0.317,0.106,0.108,0
Awaken,00ZtJgQax06A96l8sMcmlB,0.346,0.0943,0.109,0
Bortom Träden,4CFlaEtdgeu4mFmnUApAyl,0.446,0.0586,0.111,0
Anchor,6x6XKEUcCJGUACD4Xh7KuP,0.486,0.356,0.111,0
Just Look at You,62X7ld1sa8RHl4zRtSvfHf,0.558,0.249,0.111,0
Ingénue,6mgKP4yo57GTSMc3fJlyWm,0.283,0.122,0.112,0
Back+,6MrVWgw16iHBGRntjRkGQq,0.383,0.0197,0.113,0
Planet,1gIZhNdfbkGJ2iyOZJmW9O,0.549,0.0604,0.113,0
When You Left,1uu52K2fxY7Hl4LQ8AtTyY,0.56,0.0853,0.113,0
Bouquet with Lilies,1j45uvYWACNGDZ0jmKSTuP,0.621,0.345,0.113,0
Someday,5zOetBDO9NONS4KnIBXtnx,0.572,0.571,0.115,0
9 Crimes,5GZEeowhvSieFDiR8fQ2im,0.346,0.139,0.116,0
Never Letting Go,5llPdGZJjJFJv9aL6ZaiLY,0.534,0.765,0.117,0
Bird,6DzvC1VHpyTFfLBbAYBa7W,0.235,0.187,0.118,0
Prelude,1QmdL4qnNkm8FDuseRMf21,0.306,0.0846,0.118,0
Angry Chair,6H0wgcQCOuLYqDuNhMW8KL,0.313,0.973,0.118,0
The Funeral,4Ao5JXfOIMJGlVo8sJpjFr,0.316,0.769,0.118,0
Anaviosi,4OWZLr2sLv7ueKPHV7JRNP,0.391,0.0121,0.118,0
Remains,288oxP29Qe5FikFIc1b1Gd,0.157,0.0755,0.119,0
Hoovela,1dssHOp3HpaK9o5c0CL7xU,0.341,0.989,0.119,0
Melancholé,3SdkYA8frHe3BMZsPVPrRq,0.369,0.0283,0.119,0
North,3AtuVA6OJB7ZxBbMfA5qYx,0.522,0.0155,0.119,0
lovely (with Khalid),0u2P5u6lvoDfwTYjAADbn4,0.351,0.296,0.12,0
Wild Wild Son - Club Mix,2Fgo49RzWsVWKcwAksPWq8,0.526,0.867,0.12,0
Eagle,7uI4m3uAKy2WWH1mJZAYzO,0.339,0.142,0.121,0
Tegel,5Vh9sUjTiivWtvKmif40wy,0.233,0.0997,0.123,0
Los Feliz,0efOqjQkOgWPEZTzAZSB6j,0.575,0.373,0.123,0
Underwater - Tinlicker Remix,7ku9ctunOcfqWP6z04QTRY,0.627,0.857,0.124,0
Vague,3IOXceWmoCrTyl5TXFDzWu,0.32,0.253,0.125,0
Feels Like We're Dying,0IvaKmBYBLVcdP0Ft8Dwik,0.579,0.411,0.125,0
Night Surrender,0kox8HaEK0EfeWcNVTOKTy,0.211,0.00977,0.13,0
Supersonic (feat. Christian Burns),2d0UsAbvuAiCyR4oV6fiOq,0.34,0.923,0.13,0
Night,7D04SRPxcqHXjoK0YFPuAq,0.428,0.00129,0.13,0
Fleur février,16A82OAjqWawjDM8K5HCdm,0.428,0.0517,0.13,0
From Yesterday,4ogyT8HqLV6IdCepscSkh3,0.467,0.876,0.131,0
Woodland Heart,1z7GhYG0KqAmebdLfuoYho,0.516,0.177,0.132,0
The Disappearance of the Unmoved Mover,62uEGHla1SOT2rhVAyMn6K,0.627,0.427,0.132,0
Heavenly,0M6TLjxixptslrmQpWbRoR,0.539,0.432,0.133,0
Colgando,2dVvMXDWBY0U7VjCjOjVH9,0.567,0.39,0.133,0
Falling Ashes,6Zr0mt1HdVUwTEdMwqPXsC,0.332,0.255,0.134,0
No More 54,7LgkgNtOYgWfSJsGgDXFop,0.541,0.967,0.134,0
Blow,4nX11Rjdh7AuM8Ezb73m1R,0.603,0.902,0.135,0
Night on Earth,2OAOS8qkuKu5Kd8TvA5BAA,0.268,0.494,0.136,0
Images,4sqIHHGPprOZNdW5zMx36p,0.387,0.00579,0.137,0
Flowing,06G5MnuMA3cLbNwjFs8zIS,0.2,0.138,0.138,0
Momentum,7Ln0DgKSrDG0ALbtNwGeml,0.636,0.248,0.138,0
The Times Are Tired,1c6aKOdOoR1TFqn0JTyc4R,0.216,0.195,0.14,0
If You Believe,0QurRfrHz1RGbdPpTx7lLV,0.575,0.202,0.142,0
Cold as Stone (feat. Charlotte Lawrence) - Lipless Remix,6chZg1OMXz9VN3MQCr4cNf,0.619,0.663,0.142,0
October Rain,2jdeYpaoWR0VMIyKrgQMQE,0.187,0.014,0.144,0
Crystal Shores,0gUAGl4nHShy1dzHikQKKU,0.482,0.0257,0.144,0
windcatcher,59VApBbrS2IADQk4ml5mdo,0.402,0.236,0.146,0
Deep Dark Jungle,0FTDvOs2mzgHAqL31PBXO5,0.587,0.97,0.146,0
Lights Go Down,2shD8wlebq8fDg6ChqOPkC,0.741,0.812,0.146,0
Mind-wanders,4sYNRSlV9pGInYcbsC18Jz,0.312,0.0185,0.147,0
Strange Dreams,0YXPmthF2oHLQCYIGkSrZy,0.308,0.0229,0.148,0
Parabel,4IrzpCIP60bro2wkBq5dIi,0.354,0.0214,0.148,0
Marbles,4iVWQTuwKG4JKtGOjx6T9V,0.49,0.521,0.148,0
Alive,2rPJcL8gQauA2nBdRyNZZL,0.494,0.847,0.148,0
Sahara Love - Seven Lions Remix,6KjTXwntv8paBCL3El9TnV,0.275,0.659,0.149,0
Let It Out,72rHjyz3i7K90Hk1eF1f0c,0.596,0.528,0.15,0
the theme song,3n2QaRyg5nTg5Cwwq5mw3Q,0.604,0.03,0.15,0
Inside*,3GuzB4BEWq3bhZM8YydysZ,0.266,0.0028,0.151,0
Pierre,1qlVrqeX158nz91Z72lzaa,0.356,0.0499,0.153,0
People Help the People,6XRNCAnxJIB1p4RPdFVSq0,0.407,0.308,0.153,0
Old Rain on a New Day,5P8BZ67Vw2CUwAYi12yvYj,0.286,0.14,0.154,0
Where Your Mind Wants to Go - RONE Remix,4pODZqgdj6Iwci7jruY5xf,0.651,0.848,0.154,0
Fields Of Blossom,0BEkkhhqcCNx6VLMtshOiT,0.42,0.135,0.155,0
Mad About You,5drK2kTE2mrUdV33iHWyrx,0.465,0.844,0.155,0
Machinehead,1iTzI4NSQNLIETWDJ1WNWi,0.15,0.875,0.156,0
Time Travel,2ENH05Q7PkilEF6WujXNjG,0.502,0.289,0.156,0
Summer Boredom,1B96GJer0xmo0t9rZg5V4c,0.496,0.0281,0.157,0
Kite,6a8U8DihiuewRpRQ2OOCVU,0.534,0.019,0.157,0
All I Want,1XczdQt6RKNkEQfPqUsi3q,0.189,0.427,0.158,0
Gracewood (Revisited),1TSpCeUusXyZ7FiaDuy3x1,0.353,0.0544,0.158,0
Welcome Home,42GP0xKtkolBnmqQRvSllO,0.442,0.951,0.158,0
Fix You,0x4CFzoSdqVq5qTGgwZFuX,0.5,0.185,0.159,0
Your Turn Now,6Ij1Soe86rp6D9YsxwCz9N,0.634,0.193,0.159,0
Words I Heard,12nUGGcjJgQYkGawzk0rJp,0.124,0.347,0.16,0
Nazareth,2cRD4yq8e8wd6PxS0zhuW3,0.378,0.0181,0.16,0
Mindfulness,3EQPb4sdkNPCHb6AMyUTXj,0.692,0.00643,0.16,0
Story Of A Violin,3JjPOBCCKmvtgSsVIDqFDl,0.548,0.864,0.161,0
Unintended,6kyxQuFD38mo4S3urD2Wkw,0.487,0.279,0.162,0
coeur noir,0JsYp2UosjQpePYbHCvXWZ,0.235,0.233,0.164,0
Eidolon,6KuzTwyczjBp1C4f60Y5ID,0.553,0.24,0.164,0
23,4HIwL9ii9CcXpTOTzMq0MP,0.381,0.832,0.166,0
Cursive,5Iy1wdO0tMaHwKnfFYtlel,0.494,0.267,0.166,0
Sintra,0b6iQfSLnYGz5VCzwndLz9,0.395,0.147,0.167,0
Boiler,5UaOg4eymp98fxKyx6SHmB,0.443,0.722,0.167,0
Billinghurst,6B2jQL05apmJlDZtPIxD3R,0.769,0.701,0.168,0
Rayons de soleil,13SBuUaDElB4vowkW6nQxk,0.315,0.102,0.169,0
"Piano Sonata No. 14 In C Sharp Minor, Op. 27-2 1st Mvt: Adagio Sostenuto",4QNjuUkLHj47tEXgA6TFc3,0.274,0.00332,0.17,0
Falling Away from Me,2F6FfZ4w8z3eJpSxPotVO5,0.468,0.769,0.17,0
Dancing With an Astronaut,43cElHKBLhVdsz0cPETPIj,0.516,0.407,0.17,0
Teardrop - Remastered 2006,1ZekzmhuM380sFcUZePjmL,0.612,0.463,0.17,0
Universe,0VrJzyZPEkz3VliJoU3w6A,0.623,0.134,0.171,0
Keep Going,4Hhup3YZfajcC7O0DNbwCq,0.385,0.305,0.172,0
A Burden to Bear,67DOFCrkcQaLp5yhzF8Y8N,0.394,0.0475,0.172,0
Beekweide,199PI6mx1IFrDk8ZMtNTyX,0.321,0.11,0.173,0
K.,6vG1pcmNGdG6Vu62I9nLGL,0.348,0.226,0.173,0
Curiosity,3WEdWvAScE1EcBfErseQnC,0.43,0.256,0.173,0
Light Years,0dcKsPZVWa64MvnoCes49q,0.544,0.316,0.173,0
blue,7pt64sepCy5QmDrgy9wOJS,0.725,0.258,0.173,0
Frozen,4nTeeVQnNghbWWo6k7oPrH,0.352,0.0246,0.174,0
Snowfall,51USOvxeXLH3EvL3RwWJp7,0.437,0.0747,0.175,0
Tilted Towers,5hdAQegqnitMjNacfLOHQd,0.702,0.842,0.175,0
Shifts Of Light,0KN1zd8K3MTPQyix892mCf,0.455,0.216,0.179,0
It Takes Me Back,07FUh3cxCPNQFIIp8aSWCy,0.487,0.111,0.179,0
Midnight Sun,6qTP59Amjny78Qd8zayuNW,0.614,0.98,0.179,0
Harvest Love,2KK7OUblFkd7TT9TjWgW7z,0.276,0.251,0.18,0
Video Games - Remastered,0fBSs3fRoh1yJcne77fdu9,0.236,0.249,0.181,0
Bye Bye Little House,7AQKjpzLGVBKvTDyoJ7YVK,0.31,0.0313,0.182,0
While the Rest of the World Sleeps,4Hi0t9QQODb9k3aSM8SFb6,0.423,0.0442,0.182,0
Hollowman,3MOdqpj30w4Wk96bBwLJk9,0.502,0.92,0.182,0
Before You Go,2gMXnyrvIjhVBUZwvLZDMP,0.459,0.575,0.183,0
"John Wayne Gacy, Jr.",2gFBh7NnEfSeBoZZDB5d2C,0.463,0.179,0.183,0
One More Night,0Ov2L3hgjc5TlxKuBpKOQK,0.62,0.897,0.183,0
Samson,2bbhyUWJ5VjdfI3P4PRLu2,0.49,0.193,0.184,0
Wish I Was Better,1kAkUHFb7ryeVkVSRD6Nkj,0.732,0.304,0.185,0
Everybody Hurts,0sSxUKtpE11r5VVx1DIMww,0.282,0.476,0.186,0
Goodbye,4VxaUj96W2jw9UOtKHu51p,0.484,0.457,0.187,0
Andromeda,0L6lVIgGqVHnmR3BIy8GHa,0.463,0.462,0.189,0
Summer-Blink,66epoq09V61hukB4Sdm3Q4,0.491,0.599,0.189,0
Transatlanticism,3PJikMV2xGNCooQttQrAw5,0.443,0.466,0.19,0
The Calvary Cross,65IP0rTvP6hFkIUNODG2VK,0.661,0.425,0.19,0
Quick Canal (W/ Laetita 3ier),2mJhNvt2dDCfcNn8IZg6sF,0.299,0.541,0.191,0
Escaping Time,7JrSIPcfkWhDzxWII8Jz7V,0.32,0.256,0.191,0
yellow is the color of her eyes,4D3nttJPU6L0M2epr7sId6,0.452,0.515,0.191,0
When They Come,100jBpD7nuiMriR7ErXQ9S,0.501,0.378,0.193,0
ID8,2jxfHzOYVLmGKejNRHvqoc,0.576,0.948,0.193,0
Dancing On My Own,02WacdrRpm4zlP8H7X6bnQ,0.608,0.174,0.193,0
Duality,61mWefnWQOLf90gepjOCb3,0.354,0.982,0.194,0
Say Days Ago,0fcGdkaMVaJtPuYLB6bXRx,0.362,0.979,0.195,0
Away From Me,4wzaTdhmBgpch7IXu3CskA,0.396,0.93,0.195,0
Found,2T2EemW8X3GlKvJe1gxpBC,0.517,0.397,0.195,0
Falling Asleep,1FunUekKzZ9Mgt3BMYCrfF,0.537,0.201,0.196,0
Retrospectacular,58Z8R4KZPbfTc6KVYZLwTb,0.368,0.293,0.197,0
Stormy Weather,7oXWUVH2t0UR11AvhhY8GQ,0.444,0.382,0.197,0
when the party's over,43zdsphuZLzwA9k4DJhU0I,0.367,0.111,0.198,0
Oceans,7Cia4WzapwjMr0NUQF8vf3,0.404,0.48,0.2,0
Older Than I Am,15VDHAMS4JCLziCjNkmQl1,0.44,0.306,0.201,0
As I Sleep (feat. Charlee),72qlZsoVPpyFxVjL6GUuYI,0.694,0.824,0.202,0
Paradise,6nek1Nin9q48AVZcWs9e9D,0.449,0.585,0.203,0
Heaven - David Guetta & MORTEN Remix,4QAUGy6k7c3IOAhgWz52r7,0.572,0.934,0.204,0
Trees - Solo Piano,2SDxYHBST2s6dGodsgnNbM,0.282,0.0717,0.206,0
you were good to me,4CxFN5zON70B3VOPBYbd6P,0.561,0.0848,0.206,0
Sleep,7C0naD1GsrGZTKGMbg7m7I,0.55,0.596,0.207,0
Throw Me a Bone,5fw57RymBIg7ys4M8tWJ5H,0.516,0.487,0.209,0
Living,4ytv5Yzyal3LzKyMjRXjse,0.46,0.59,0.212,0
Saving Daylight,0rDXZpaDpGMbT8ON1DxEtT,0.526,0.385,0.212,0
Breathe Me,7jqzZyJJLrpkRFYGpkqSK6,0.552,0.643,0.212,0
Losing You,5aFSzu0b7ccAYjTkbTNTsQ,0.383,0.446,0.213,0
Petrichor,22KKy6ftT0i4nyGNCbwc1B,0.319,0.122,0.214,0
Suhpratti,4A6C6K8c8IukPda2f0rI8J,0.564,0.0515,0.214,0
Little Things,29IRVQao62okE22TDamSnm,0.367,0.915,0.215,0
Open Fields,24CJS73HBvYtVguUZBnyAn,0.491,0.197,0.216,0
Rise (ft. Matluck) - Thomas Gold Remix,24fghf9YPlSHoWKNHign8p,0.501,0.784,0.216,0
Wolkendans,3BuuxHhwQ4AQvDA9dzvSry,0.38,0.0355,0.22,0
Lay Your Head On Me (feat. Marcus Mumford),0oB9964bp22Bmok0Dmxlzb,0.658,0.765,0.222,0
Bad Timing,2KSCegx6TosQQEgmhJKNQa,0.471,0.289,0.225,0
Linger,7zWQ9qz0vAK75QBTGLZ0Wb,0.54,0.574,0.225,0
The Temporary,5g5dwJD6zwXG81LRdEsnQr,0.549,0.524,0.229,0
All Mirrors,4ZQdynvfiayhdoq5lcuCQ1,0.429,0.689,0.23,0
North Captiva,32dZxkZtsF5Vt3PrJQuV2i,0.479,0.346,0.23,0
Rescue Me,7DP18u679fMurjsUxuxMHu,0.494,0.739,0.235,0
Wonderful Together (feat. Envy Monroe),3UaStdVN7y9A6ktTmkFDTk,0.591,0.759,0.235,0
Riverside,1UmFRZU3taMGZApPhK32mc,0.648,0.177,0.236,0
Courage,0gj8zftpww3PXx8xea7Ygn,0.635,0.0302,0.237,0
Atlavík,6WdO6Ds95sLALCqCOfbDQh,0.535,0.147,0.238,0
EDM Sux,6AlzF33SOFB8vfrmABo0jV,0.653,0.907,0.238,0
Crash,1FXlhqcYaiw6KuUYtXdtAi,0.689,0.456,0.238,0
Venom,4EvAP7MWnjDMkADXXEuF5t,0.357,0.851,0.241,0
Quiet Room,5uTfZTuLLGbq1qFYwzg7jX,0.374,0.068,0.241,0
Litost,0bMcjygjhkTVB8T4r3xCde,0.383,0.101,0.242,0
Watching Clouds Disappear,18HZyQSQdmtxv5i9YSHJTw,0.495,0.0191,0.243,0
Juliens Journey,0DVw5GHPCUImZ8VmRdlbmx,0.578,0.0154,0.244,0
Free,6s2T9kuNYNZKsG5Fa1LiDN,0.481,0.922,0.246,0
Let It Go,13HVjjWUZFaWilh2QUJKsP,0.546,0.311,0.246,0
Fantasy - R3HAB Remix,3iGMErA58MMTYT1mBkUkRf,0.7,0.751,0.246,0
Telling Tales,3AfZWVkAf2ipi68BMVvfwq,0.425,0.555,0.247,0
Isonoe,4sP8BZIZKGVq6jHOSPF17A,0.365,0.119,0.249,0
Anthem,1SSAvErVyid5OXzmtGZKkg,0.664,0.86,0.249,0
Essential Attitudes,0T3UHut7JmCi5jcgYiMawm,0.444,0.497,0.25,0
Video Killed The Radio Star,7o7E1nrHWncYY7PY94gCiX,0.68,0.678,0.251,0
Bloom,5DP6ow4t5Mmfge0fMRhSJD,0.249,0.129,0.253,0
Vamos,0i6KOje3rNRSNPw0vy803g,0.52,0.975,0.254,1
I'm Not Okay (I Promise),7lRlq939cDG4SzWOF4VAnd,0.21,0.94,0.255,1
Kids In The Dark,2dqq3YMX6nlJKXhrjY5W4J,0.47,0.526,0.257,1
When The World Stood Still,0w9rKPt8242huJZKFA1zGX,0.461,0.0167,0.259,1
What's Good,6OBl3esnGuz8PllwDWinWS,0.542,0.0957,0.259,1
One Night - D.O.D Remix,5Q0VxlFh80F3LmbGnuDE4M,0.681,0.969,0.26,1
Would You Rather,4ctEt5qumxA8RuzdeQagkk,0.482,0.363,0.261,1
Target,60tHXabTlAhzlkXRDWl9cp,0.55,0.471,0.261,1
Tears Don't Fall,1kdiiFGX1Htx0aVZYaDwEJ,0.212,0.926,0.262,1
Time Out,4CYsf9MUjowxTMTVT39hTL,0.695,0.0761,0.262,1
Betty,0yBM8cOHjb6iiMI2eM8pIc,0.171,0.185,0.264,1
Ballad of the Dying Man,65w8nArxPq2EzOAhteymf0,0.399,0.443,0.265,1
I've Been Fine,0KyPBZ6PAxzpcAobqxhaHu,0.548,0.569,0.265,1
White Sparks,7LF1XX9NNuvFtrRliJSEoh,0.574,0.0835,0.265,1
Not Alone,7tx0NDsCViutjOyd1c4A28,0.68,0.721,0.267,1
Reinventing Your Exit,591vJuuep0gfPhx9p8WPD5,0.45,0.978,0.268,1
Stay Here,69vYa2LVWv1TXvNIVNlJA1,0.432,0.839,0.269,1
Wash It All Away,6AKWOVOJ81OQfsgxZbJ6QN,0.485,0.987,0.272,1
Dust On The Ground,2SbIONplUQ0BvXyRgGDgCz,0.605,0.319,0.273,1
Bad Feeling,1qUaWLUot3Iik95S09cdSZ,0.512,0.352,0.275,1
United,27BMhzmPptTnpra962NgQh,0.643,0.957,0.281,1
Bloom Innocent,7zNT9GE070fYjnhx6TFWnQ,0.519,0.236,0.283,1
Thin White Duchess,0QevFRZ5eiXah4VZWeviK4,0.537,0.655,0.283,1
How To Fight,6ruBSXfnFc6raFDFm9YB3r,0.404,0.249,0.284,1
Shine,6YbVddGFPcfOVJrxhUusbV,0.428,0.873,0.285,1
Devotion And Desire,27O9FuS1UIm6ZyLplgLQAH,0.296,0.9,0.286,1
Chop Suey!,2DlHlPMa4M17kufBvI2lEN,0.419,0.934,0.286,1
Dawning,56ag77KIUFvxJhA1gdObsq,0.526,0.471,0.286,1
Someone Like You,6QPKYGnAW9QozVz2dSWqRg,0.554,0.321,0.288,1
Freya,0aaTrekfgJgLiH00lnPKm7,0.64,0.667,0.288,1
Stricken,4VGUcTzWj0ebZ0UgI9irJL,0.404,0.969,0.29,1
Alison,55CenVQ4alvDJ1PS8aYB0m,0.279,0.423,0.291,1
The King (with Dzeko),40UbcJWyWPqOWFvv4Dpvfc,0.655,0.726,0.292,1
My Way - Marcus Santoro Remix,29pQasEiyy3Otgq55dzyTt,0.563,0.882,0.296,1
Should Have Known Better,5I6y1KWmUoV5YCaIEcs1qs,0.571,0.172,0.297,1
ATTACK,6QxTWEvzcJljVZaeTzuHF1,0.331,0.876,0.299,1
After The Rain,2XBc2jWnvPqNO2LebVtLaY,0.456,0.0337,0.3,1
My Hero,7u5dBtASrtOuBTTZjJrvuJ,0.364,0.925,0.301,1
Blaster,1fMZR4DD2mE0iXginD9fOc,0.667,0.857,0.301,1
Lost Moon,5QlL4Rxjw3MQbx8Xvs75ts,0.448,0.591,0.303,1
Seven Nation Army,3m6KkYKdnbffMpGd9Pm9FP,0.745,0.466,0.303,1
The Mind's Eye,1igVdCr2mrzwu2lHxUbJWn,0.376,0.546,0.305,1
Pour Les Oiseaux,4NFa9tjhONF6lnu4SRbfG9,0.376,0.0879,0.308,1
Laugavegur,4nZSgFwgYUOyWcBX61JY6j,0.515,0.408,0.308,1
Kinky Love,3Uz3K1Ctq6MOIDqRddKHXo,0.376,0.277,0.309,1
Somebody - Josef Bamba Remix Radio Edit,5riuN21I50r717iOmCJ7Kr,0.67,0.88,0.312,1
Angel's Song,5hXTMmVXz1Ablgu34BkTz1,0.693,0.195,0.315,1
Sun In Our Eyes - Don Diablo Remix,1Cfws8y490Zpsqsyeme6V1,0.699,0.861,0.315,1
Lunar Eclipse,0n2X57zaddr0ODIxUb64Sx,0.632,0.469,0.316,1
Dolerme,2reL9PAUza4PUtbjqW1fRf,0.545,0.478,0.318,1
I Can't Help (with Sarcastic Sounds),1OdYu7mDO94ydUvfZPaPvP,0.714,0.4,0.318,1
Black Car,7ESnexsnylx85YfT6ZiSun,0.407,0.549,0.32,1
Adjustments,6w0vhPaZBYjhrDobs3QE14,0.532,0.541,0.329,1
All of Me,3U4isOIWM3VvDubwSI3y7a,0.422,0.264,0.331,1
Children Of Today,2106G7MY2XnVyqij2bJVGH,0.507,0.836,0.333,1
Sinking Man - The Walking Dead Soundtrack,5Hd6DPGjqihEnWSiGRzqr6,0.684,0.0646,0.334,1
Sunspots,2yNeqUczAqpKSo8vFF00CR,0.379,0.499,0.335,1
South Beach,4GQVsXO7jkxg43UmAd1Tbb,0.501,0.887,0.336,1
Waiting For Tomorrow (feat. Mike Shinoda),27YP211Rr8RezhiFVDLFI8,0.507,0.887,0.336,1
Home,3Qsp2uAtcDCrrlknJtUPj8,0.544,0.932,0.337,1
She Remembers (Piano Solo),2UaXTR0Xv4SCDQ6wIlVNxC,0.619,0.0203,0.337,1
Beautiful Life,2s25Z079T5KRzfqEQRMQQ4,0.732,0.52,0.339,1
Siren Song - Radio Edit,1uGXhKyK50NIXNqBKN73DS,0.71,0.705,0.34,1
Mudshovel,6264zKFgXM13JuRBX4MMyD,0.328,0.826,0.341,1
"Rocket Man (I Think It's Going To Be A Long, Long Time)",3gdewACMIVMEWVbyb8O9sY,0.601,0.532,0.341,1
Trying My Best,06qUEhhx6jKQmhj2qAkn4H,0.561,0.0587,0.342,1
The Message,3oLJlBI7OveRtPOuMe4oaM,0.64,0.695,0.343,1
Guernica,7lUjs7bf1fjKI8HKhbNp6z,0.382,0.907,0.346,1
Blame,3TSZpRzSEKL1dFfpd1JDoF,0.612,0.68,0.346,1
The Choice,2IXJyG1DX93g2EhFXghz37,0.303,0.00338,0.347,1
Feels Like Flying,3mMd2MGvEIDAfMfvcb9wsC,0.416,0.11,0.347,1
Human Connection,1V17xHHZgIgZ6H14rinHdi,0.6,0.882,0.347,1
Don’t Delete The Kisses,1LomCMl5wD3MPVlC6smUHe,0.604,0.789,0.348,1
Darkest Hour,36I7pi5g6XZJm3bcgqmLyE,0.694,0.359,0.348,1
Getting Away With Murder,3YQopTaSSgLSSuzYBZ9bLf,0.544,0.97,0.349,1
Ring The Alarm - Stadiumx Remix,3LmiKN6q3OwFD3sV8rhkk2,0.625,0.994,0.35,1
Prayer Of The Refugee,3wTyLh0vhP3dN5yv0Mti17,0.198,0.977,0.351,1
I Stand Alone,6pGJTJaExyKwwXBmcoyVlY,0.211,0.921,0.351,1
Expedition,2MlnLVsrTJmHmdpzJQcQ6w,0.639,0.974,0.353,1
"Murder Song (5, 4, 3, 2, 1) - Acoustic",6MM22AtXB7I5gfTErMF0mJ,0.398,0.0887,0.356,1
Never My Love,4zRkmGHVgGGnJMhemMXD6I,0.764,0.245,0.356,1
Anthem of Our Dying Day,4sPJgy0CksvmXp9jC0W4gv,0.388,0.8,0.357,1
Fields After Rain,3OjwAIOhan5AIGS2p6fJrt,0.474,0.161,0.357,1
Easily,2k9N4caeCIJLOWwWwssrEM,0.772,0.256,0.357,1
Ambre,0suQ6B8Bsp0tFuCXx652Az,0.391,0.0576,0.359,1
Thirteen Thirty-Five,3N2vr4m44BBZiVCZ0O4bnf,0.67,0.293,0.36,1
Bruises,4Of7rzpRpV1mWRbhp5rAqG,0.736,0.308,0.361,1
The Dazzler,12oa6kHYN9FamPdcpSM54i,0.775,0.218,0.361,1
Stay Home,5NRWr6U9kBI3NP7Hr7fyy8,0.234,0.174,0.362,1
The A Team,2vBF8A6n0REigm7RSUM65S,0.626,0.286,0.366,1
On My Way (feat. Jordan Kaahn),0kDTkI3VN3LEObv3v3ehhY,0.661,0.93,0.367,1
Dear Diary,5AqPW3fH2H4ORBYTVwfHep,0.474,0.41,0.37,1
Toxic,34ccBqL3xNaCzPxr0UqoEw,0.555,0.98,0.37,1
Always,7kpa6MWRrPaF3b6C0DgioK,0.363,0.906,0.371,1
Humans (Let Me Love You),1IB1GFSTgmeecjscmAJ0lW,0.584,0.835,0.371,1
Swerve City,2OUR8g12h5qsGDs1v5lqvp,0.457,0.964,0.372,1
Go With The Flow,45DElIx0dXqUH4A88yQFdE,0.242,0.992,0.374,1
Night Moves,6UBjSnyP1O5W5ndJoO9vUk,0.705,0.743,0.374,1
Wish You Were Here - 2011 Remastered Version,1wHSxWBfPr3GO31y8KGrWe,0.481,0.262,0.375,1
Let's Go Crazy,0QeI79sp1vS8L3JgpEO7mD,0.309,0.93,0.376,1
I Took A Pill In Ibiza,1PiKcVhlmHPvL7IPjx9dJk,0.636,0.319,0.378,1
Good Vibrations - Remastered,2oF7FZHIJbzjeEXZ3D0Ku4,0.403,0.495,0.38,1
Trastevere,3rRL23xxAPJ75K3wGBKZIO,0.42,0.272,0.38,1
Dancing With Your Ghost,1TQXIltqoZ5XXyfCbAeSQQ,0.629,0.327,0.381,1
Our Lady of Sorrows,46mPWQpvSFkXrr5nWoWW74,0.271,0.931,0.382,1
Shimmer,6DzbmjkVZpz1mrDobAoJI8,0.263,0.784,0.385,1
Hunter,2NRZo1Y3T6UaVCz1i8dMqm,0.439,0.454,0.388,1
You Are Safe With Me,4t2XUVB63KvQWeAlAaaqAz,0.392,0.039,0.389,1
La Luz,6iQ6AKHlGjQTrpZIqfOtyK,0.559,0.441,0.389,1
Someone New,2GkPTpFLY0NG8jrAHPoSnn,0.655,0.794,0.389,1
Suds & Soda,0MaUnKwsHKRj4qjLDuBG66,0.149,0.79,0.39,1
Valse Lente,6eTQcsb7NrdgPIZAHchT9k,0.366,0.0518,0.39,1
Afterlife,4QdwsME04RG25KPHcPYoox,0.492,0.95,0.391,1
3 Corny Fuck,5YlHgqWo3Kt2mF88ubmR62,0.604,0.179,0.391,1
Nowhere Kids,08EI81e55Lcqg2ZelJOXcG,0.511,0.914,0.393,1
Here Comes The Sun - Remastered 2009,6dGnYIeXmHdcikdzNNDMm2,0.557,0.54,0.394,1
"Welcome Home, Son",13PUJCvdTSCT1dn70tlGdm,0.601,0.537,0.394,1
Enemy,3eqyYjMYUHGlmtCP4C4iSX,0.572,0.99,0.397,1
The Hunger,7AaSbMyCeUxcGsvCmzmfEJ,0.436,0.753,0.399,1
Orbits,6jFX2sHOzh7tpIIOomlrqJ,0.438,0.404,0.4,1
Last Time,7v3tuzPub1Qd490tiVddwF,0.628,0.587,0.4,1
Holy Water,7Ga9ZSdPAcQXQvd1ObVFpm,0.587,0.734,0.401,1
Follow me,7d44sL4znFm5HZ6ltUVqbI,0.475,0.109,0.405,1
Take Everything,2L93hpsnJ8scBHIQFZzh1b,0.506,0.823,0.405,1
Better Than Today,6MLHg35rlksBc5OBcdZvJi,0.387,0.234,0.408,1
Listening,528rajP3OyhornDwrsQrt4,0.475,0.907,0.408,1
Green Street,4kjbflfFCcNWkBGWvYBSxz,0.373,0.191,0.411,1
Uprising,4VqPOruhp5EdPBeR92t6lQ,0.602,0.905,0.411,1
Need You - Ed. & Gustav Munk Remix,4cLXtRF6cIFGcuid2OLyUU,0.656,0.723,0.412,1
Thank You for the Venom,0BpKPyXhWsTaWkgXeOd1Sn,0.486,0.977,0.413,1
Lorelei,1MwGbyzRmPXWABLIdW8tzG,0.387,0.669,0.414,1
Mykki,1Lq9ieTRd9TtXXBh5y63E6,0.665,0.56,0.414,1
Do Bad Well (feat. Nevve),7zHrHnVSQwI95FGHewXDl8,0.604,0.894,0.415,1
Viva La Vida,5S6pYZD8WH3OQapDHTDM9M,0.485,0.619,0.416,1
Little Talks,2ihCaVdNZmnHZWt0fvAM7B,0.457,0.757,0.417,1
Fly - King Britt's Fhloston Paradigm Remix,69VbrwGah98lR7iuXkrk7e,0.614,0.498,0.418,1
Streets,265poZGWCyWo6h5tq7kiA6,0.376,0.771,0.419,1
Handful Of Redemption,3ekjqtjoDwy5YLuGtKoXDO,0.508,0.947,0.419,1
Renee's Song,13iMiwdY7pgE1f7NwYKr1D,0.593,0.229,0.42,1
Stupify,54cWVWqgyFukgDKQYmaKM3,0.597,0.939,0.422,1
Highway to Hell,2zYzyRzz6pRmhPzyfMEC8s,0.574,0.913,0.423,1
The Good in Goodbye (Alternate Version),4IUfRZY8k9MHRsStnjMTUb,0.709,0.299,0.423,1
Dreams Tonite,0DRvClQbN9znQ295sx76VC,0.511,0.622,0.425,1
Bottom Of The Sea,5OTdNMpl1EPr3tOLyyRIc3,0.775,0.66,0.425,1
Points of Authority,04mlpyRplis2yvf18EwaeN,0.512,0.97,0.427,1
Consequences,7sTtHHrD0zDpmzQzH3zegz,0.455,0.292,0.43,1
Crystal Baller - 2006 Remaster,0uESMJnrEKYnZoRbNTvmpB,0.379,0.695,0.432,1
No Woman,1CLmFKW99S8eJrebO3GB04,0.581,0.4,0.433,1
Stay,0Uon5NsSAkBDx69XYOaQ5P,0.618,0.37,0.433,1
Moulain (Revisited 432hz),0zNqfg3MpUGku4T6h2Pmab,0.424,0.323,0.436,1
Pressure,7f2d3p6nzGFR6874f0E7E7,0.708,0.863,0.437,1
Worlds Collide - Edison Cole Remix,3JqpIjrQfmW68YkpxXWPL4,0.631,0.862,0.438,1
Recording 15,1vNfYCzcCJz0FY7MVVA9lM,0.552,0.126,0.439,1
Little Lion Man,1QTixxvaGxwe6GF8PBwAve,0.515,0.496,0.442,1
Nobody,46SWSNRB3oAAOu21Apj22z,0.877,0.178,0.442,1
A Boy Brushed Red Living In Black And White,47IWLfIKOKhFnz1FUEUIkE,0.419,0.932,0.445,1
We Wait,3QeaXGKRvt8cfHdrfdk5pL,0.387,0.577,0.447,1
Count That - R3HAB Edit,1J1wnDwBjkFvDVOxNOLVjY,0.686,0.955,0.447,1
Car Underwater,4CilIy3dA3P9Tq2NFqKEOX,0.435,0.774,0.448,1
If You Think It's Love,3iiL6merNpFNX1bny9sfvM,0.432,0.34,0.449,1
Ghostride,6mnYXjuK0CDzqem4eR5JGU,0.664,0.352,0.45,1
pass you by,4NVwMupCTfITPXetR5aozp,0.51,0.355,0.453,1
My Favourite Game,4LpOPF5RXZhS1GLzclhyaT,0.594,0.766,0.453,1
Dark Side of the Gym,1OdpIb0nzhDcqwkiYp0O1u,0.642,0.475,0.453,1
You Can't Rely on My Love,6Nl2wvFyKjiyPKrhE4Rth1,0.686,0.775,0.454,1
Holding On,48H6uWuBYeeZUiXwb5f69K,0.421,0.935,0.455,1
A Place for My Head,5rAxhWcgFng3s570sGO2F8,0.603,0.908,0.457,1
Out Of Control,2Uk3uky365BBGidUpOtKvw,0.443,0.973,0.458,1
Wonderwall,79RUMZfMNMpqZnswovvTqv,0.412,0.844,0.459,1
Bottom of a Bottle,1XZrMIHtCVJPqK29Mzm44G,0.537,0.847,0.459,1
Romance,7Ky78y9gxAKlujRin3vzZf,0.716,0.644,0.464,1
Savior,3asFGFY3uLjMDmML1p0tYm,0.339,0.931,0.467,1
Voices,47H4oc7Zkihwae7ST7F4zp,0.589,0.983,0.469,1
Secrets,3PGYOWmCia5R4iLRnGHwyf,0.743,0.748,0.476,1
Mr. Blue Sky,2RlgNHKcydI9sayD2Df2xp,0.388,0.338,0.477,1
Do It Again,5yzzy7Hevww3RDntQM5mG1,0.701,0.95,0.477,1
Without,4qguRyO5RJexa48AuRwkLZ,0.523,0.95,0.479,1
"Lola - Live at Providence Civic Center, Providence, RI - September 1979",3JbE6e17yvNdPggjPDrCyO,0.488,0.777,0.481,1
Pain,59P1nrdEImkAKa1nyW9X2e,0.523,0.833,0.482,1
All These Things I Hate (Revolve Around Me),6hZkQjIQBY7HAj4nzLUvdx,0.488,0.879,0.483,1
She Kind of Looks Like You,6dZO9UMcM7c1YLDBpEHwED,0.9,0.255,0.483,1
White Lies,0BvlCuNiWLE78NiZCiUxM7,0.336,0.88,0.485,1
Wished,4wIBISN9EpHsQI90SbLhad,0.445,0.536,0.486,1
i don't want to watch the world end with someone else,58qX77t2VWMWcycsh9zKLc,0.535,0.359,0.488,1
Youth,1JDMO4EVPHtm0xXhJb2IjR,0.588,0.477,0.488,1
Under A Killing Moon,0XiivUyimrmkUyJkKiILPW,0.414,0.988,0.489,1
Blackout,6yTnvHRhUuuaoxy4dHzLGo,0.548,0.864,0.5,1
Out of Control,13i7d4s5EkgOIDHdzM0R4w,0.328,0.799,0.502,1
Bat Country,6irNz2hSXvd2QJG0vXyBFR,0.541,0.968,0.505,1
White Lies - Guy Arthur Remix,1FoMWISq2KNqKappkrG5Yo,0.656,0.896,0.506,1
We Are Your Friends - Justice Vs Simian,49ErwcBYfYRPNBdRuPvpYA,0.615,0.97,0.507,1
Virtual Insanity - Remastered,0dCr3qIupWh36ilLjRHi4P,0.651,0.946,0.508,1
Roses,6bUNEbXT7HovLW6BgPCBsb,0.751,0.708,0.509,1
Click Click Boom,1LMVGL3030W3mGmRrd2hCm,0.607,0.935,0.51,1
Same Direction,7p5HBV5kqLgw0vK0lQ7eXM,0.401,0.988,0.514,1
Friday I'm In Love,4QlzkaRHtU8gAdwqjWmO8n,0.526,0.763,0.514,1
Still Waiting to Start,1yERtbTiF9fKGxaelyLJOA,0.615,0.332,0.515,1
Game Time (feat. Ninja),229MM2St7SnW43nT8ADlG8,0.534,0.957,0.52,1
Pink Rupture,3L47u91Y7YIGPpLPBrulh0,0.736,0.356,0.525,1
Never Be Lonely (feat. Envy Monroe),5vckEy9NZ6kirDU4UX4bVl,0.587,0.85,0.528,1
Whiskey In The Jar,77gY3WsOnEsq9JOWgBmdLj,0.511,0.972,0.532,1
Prelude in F,6CaQoqHFR0naK53v3jNGUT,0.461,0.272,0.533,1
Flex,43p1IlKF0PBgwkqzS2EdCk,0.609,0.912,0.533,1
All or Nothing (feat. Axel Ehnström) - Deluxe Mix,15bAMg00o4VdWmQrlkbfG3,0.737,0.816,0.533,1
"Honey, This Mirror Isn't Big Enough for the Two of Us",5gNVTfD1L6QrPgOf0wFo0q,0.383,0.946,0.534,1
Silhouette,4riNlzZh1Xd4xqbIWy7zfM,0.445,0.469,0.535,1
Paperthin Hymn,6VSmHLLvYAAkzrYFT3LloU,0.298,0.597,0.536,2
The Wall,0Qp1IH1EkRCNabfgzxNMUT,0.682,0.91,0.536,2
Faces,2G7cxwbFSMneFgTMdnvICw,0.368,0.967,0.537,2
Are You Gonna Be My Girl,305WCRhhS10XUcH6AEwZk6,0.613,0.953,0.537,2
One Step Closer,61fUybL3XS40gcffnnNPoX,0.492,0.969,0.538,2
Love Is A Losing Game,4IMBnBRqm9RALmLrRqfMor,0.48,0.561,0.541,2
Pass The Hours,4EVpdoFt3L6sAa4hivmWz9,0.778,0.639,0.543,2
"Ma mère l'oye, M.60 - For Piano Duet, M.60: 1. Pavane de la Belle au bois dormant",534nbCFk48DR1UQt2XlxSx,0.517,0.0145,0.549,2
The Hardest Button To Button,5vVwPth7ccUHil5wsUG7ky,0.692,0.515,0.549,2
Body Rock,3wcaYUOKVSEbmmGB43YGqf,0.627,0.944,0.551,2
Coming Undone,261QAU5PAmYYv0KPr0vc49,0.696,0.677,0.551,2
Such Great Heights,7vcuTZAFyu0Z5dgMRLR0h0,0.61,0.275,0.552,2
The Hell Song,2iyriVrfEXWD7YRfPqub7l,0.343,0.956,0.553,2
A La Plage,79NmiFAgcXUIVDGfCWDdWF,0.504,0.0584,0.553,2
Emotions in Motion,4UmpEQtTlhBOxDPePaK8qR,0.651,0.503,0.558,2
"Steady, As She Goes",2VAlwOewe5c40VHyqozF1V,0.534,0.605,0.56,2
Lift Me Up (feat. Carla Monroe),0vK80mtYypq4dAwQelZ2Dh,0.579,0.784,0.562,2
Winter Scenery,2F4iGuSSSRWpYCeWN4SoRr,0.79,0.179,0.562,2
Count On You - ATFC's C-thru Remix,7GL2SOvJXs8QVLX0cUADeq,0.825,0.925,0.567,2
Kinky Living,4eMoWR7Lughvru6Rn97uPi,0.526,0.493,0.574,2
Electronic Memories (feat. Mickey Kojak),2viJufnGlsjR1X51CEHpeg,0.602,0.926,0.574,2
You're My Best Friend - Remastered 2011,4vEXJ6NvEwS8ptynkNswaa,0.518,0.761,0.576,2
The Hummingbird,60Rodg2E5ghUbYBrBFr0TA,0.478,0.901,0.577,2
Algo Rhythm,0PqJ7LSknltqqMNqPDClNA,0.402,0.75,0.58,2
A Little Less Conversation - JXL Radio Edit Remix,4l2hnfUx0esSbITQa7iJt0,0.586,0.935,0.58,2
Spirit In The Sky,7fqhrLJzKHJ0RW32N0y2Gp,0.537,0.606,0.582,2
All in the Suit That You Wear,17Nk1aji6gd26vabky7fMi,0.429,0.982,0.583,2
Bleed American,61XspFITuKmAlYdQacNCbF,0.438,0.938,0.584,2
Somewhere Only We Know,1EwyAL8SdJpIX0M9b1ArAp,0.472,0.305,0.584,2
99 Luftballons,6HA97v4wEGQ5TUClRM0XLc,0.466,0.438,0.587,2
2 Together,1JO1xLtVc8mWhIoE3YaCL0,0.584,0.367,0.588,2
Back Where I Belong (feat. Avicii),78W8wiUIlQ2SnWY9TVowKZ,0.497,0.865,0.595,2
Watersong,60kgQtJNMGRaFfzwy18XUY,0.656,0.102,0.595,2
California Dreamin',63rva3TBizr6x1Yp5uwKfD,0.554,0.667,0.597,2
Simple Song,70HWRkitkAKfos500LBk0T,0.631,0.402,0.598,2
Outside,7Cx3kiPstZOSKAqTe3LtEi,0.637,0.613,0.598,2
Beautiful Night,4zhRVs7eqgdroy5E3kKEs2,0.531,0.892,0.599,2
Don't Stop Me Now - 2011 Mix,7hQJA50XrCWABAu5v6QZ4i,0.563,0.865,0.601,2
Chocolate,4WiiRw2PHMNQE0ad6y6GdD,0.614,0.938,0.607,2
comethru,18uwL0vNUanqZH0ro2QcOP,0.795,0.178,0.608,2
Dragula,6Nm8h73ycDG2saCnZV8poF,0.591,0.963,0.609,2
Butterfly,4BggEwLhGfrbrl7JBhC8EC,0.736,0.811,0.609,2
"You're Gonna Go Far, Kid",7oypoJJHZOALqQlGKpTefk,0.547,0.877,0.611,2
Rusted From the Rain,0tzWCL2uhb2xQDWgG259nU,0.431,0.858,0.616,2
Heavy,3vqt0fEt6I52ANHu7mAlIP,0.535,0.854,0.618,2
The Safety Dance,5O4NFbDqJ8SOfbjnIhdPDt,0.524,0.881,0.62,2
Feeling This,26AYR77170U49cMcXB7aRV,0.411,0.962,0.622,2
Hash Pipe,2mPMFJvQ0v27gVqe5b6nDn,0.578,0.882,0.623,2
Just the Two of Us (feat. Bill Withers),1ko2lVN0vKGUl9zrU0qSlT,0.803,0.488,0.624,2
Tubthumping,6dL46HEj2hzaSach8EFyCi,0.319,0.881,0.625,2
1999,2H7PHVdQ3mXqEHXcvclTB0,0.866,0.73,0.625,2
Teenage Dirtbag,25FTMokYEbEWHEdss5JLZS,0.625,0.85,0.633,2
Edge of Seventeen,2id8E4WvczfKHB4LHI7Np3,0.59,0.828,0.636,2
I Would Die 4 U,6fBwVe6udYdnRqwqo06if8,0.731,0.75,0.639,2
Crazy,1vxw6aYJls2oq3gW0DujAo,0.855,0.587,0.64,2
Dancing Through Sunday,4O5GKVbnQ8U9BxYWu0hIug,0.555,0.98,0.643,2
Vagabond,5gDZbPycrRPF5mC4voMg89,0.545,0.788,0.647,2
I Don't Know (feat. Samuel T. Herring),2rx8InAMTVDeZdkLUWHDmA,0.389,0.52,0.654,2
Supermarket,2K1OMOjqHBoJf3NT4J6meQ,0.588,0.352,0.655,2
Better Together,4VywXu6umkIQ2OS0m1I79y,0.868,0.347,0.659,2
Inside the Fire,1xHcapGIorRGVlBnWE7X4N,0.463,0.962,0.66,2
Killing In The Name,59WN2psjkt1tyaxjspN8fp,0.466,0.833,0.661,2
Papercut,1Vej0qeQ3ioKwpI6FUbRv1,0.524,0.939,0.661,2
Break Stuff,1rJ1xX2XBC8nesYapeO6Av,0.45,0.877,0.663,2
Waiting On the World to Change,5imShWWzwqfAJ9gXFpGAQh,0.577,0.756,0.663,2
Poem,7mQwxVogsnpR3h6AJLQLlR,0.364,0.912,0.666,2
Daar Gaat Ze,7kMPC3vgXk3o9xUP3GWAJ0,0.639,0.492,0.666,2
Kiss You All Over - Single Edit,1wHkIswzW9zGCOLDBYbHFL,0.696,0.824,0.667,2
Indigo,2qoKkOBw3dAd8AlITOQ2Ca,0.503,0.504,0.67,2
No One Knows,0melIwOKh1JH4RjI1Is10w,0.509,0.583,0.67,2
Like The Way I Do,38TXeCvUUqf3PeoPvnERV6,0.591,0.931,0.673,2
Out Of Control - Pat Vocal Mix,6wCsrMyI3DavGvodBx8A7h,0.864,0.742,0.689,2
Lovely Day,0ACACkoHUwgfgY5CxVIL4N,0.693,0.565,0.692,2
Groovin,3ktUAf5M4HiCt6n7Zb323H,0.845,0.744,0.694,2
Crawling In The Dark,1eK4KsyjAzr2xJ86Tj5SWa,0.592,0.932,0.698,2
Into Black,5d8pKJxoDlYX2SoFR6RCsm,0.705,0.681,0.707,2
There For You,4Qv71lFPCObf7zol1uWCJb,0.533,0.844,0.712,2
Promise,5mqEL5pgnDCcWtTWpAofIV,0.62,0.85,0.715,2
Rylan,18IyalmZGqUTwvZStMf7A1,0.609,0.789,0.717,2
War,3h1in20DlO5KaSP1vLED90,0.641,0.806,0.721,2
Gasoline,4e7yuouxvWPbK1q2kVlgz8,0.478,0.942,0.726,2
Mr. Jones,5DiXcVovI0FcY2s0icWWUu,0.578,0.817,0.726,2
2 Ending,1qv9TWDpXh50DPLgWD4bnH,0.635,0.808,0.726,2
Still Alive,3Y6wj6dRP3QmgXeV2zCzbn,0.65,0.912,0.729,2
Dani California,10Nmj3JCNoMeBQ87uw5j8k,0.556,0.913,0.73,2
Crazy Horses,6LqbJXriVJyqJCd9jYoPqP,0.512,0.977,0.731,2
Africa,2374M0fQpWi3dLnB54qaLX,0.671,0.373,0.732,2
Smile,79z9QkhHePTFsSeVw9uyj0,0.632,0.639,0.733,2
My Own Worst Enemy,33iv3wnGMrrDugd7GBso1z,0.494,0.946,0.741,2
Up Against (Blackout),7dx3zyB8aQHd2LQm0u1lwS,0.549,0.876,0.741,2
Kiss,62LJFaYihsdVrrkgUOJC05,0.898,0.271,0.742,2
You Get What You Give,32lF1rsInDTdK6Av3KdfaY,0.621,0.901,0.744,2
Send Me on My Way,6hs3SDnbO3f6VQuPO4KBEb,0.5,0.681,0.745,2
UFOF,0DZfBeJhOPyjhqoaTkE3kZ,0.623,0.613,0.745,2
Somebody That I Used To Know,1qDrWA6lyx8cLECdZE7TV7,0.865,0.521,0.748,2
Every Way,4xxyCh7xkK30LVBO81poif,0.879,0.908,0.759,2
cry on airplanes,1elEZGOMFRU5n7bnOtUaqi,0.763,0.372,0.76,2
Bennie And The Jets - Remastered 2014,3iJxloILmOu2NIRZ0OGyui,0.666,0.668,0.765,2
Afraid of Heights,0P44AUPRzaIAHNWquN0fGR,0.543,0.991,0.766,2
Renegades Of Funk,5YBVDvTSSSiqv7KZDeUlXA,0.651,0.908,0.769,2
The Boys Are Back In Town,2iAq1y8jEVOQM6OA8L0XtO,0.319,0.712,0.773,2
Over My Head (Better Off Dead),3SO0vfryYv381w1ImgWONG,0.44,0.919,0.773,2
Everyday People,7lL2lMWNtzOcf5HnEudNgn,0.813,0.619,0.774,2
Clap Your Hands,18cST7DK31Ab2rTH1POP6A,0.699,0.87,0.778,2
Cold Nights,1q3AoLCoawd8Gpm9wP7sHi,0.941,0.421,0.787,2
The Joker,1bp2IO61zbQrbWNmKKxg3f,0.596,0.448,0.796,2
Like The First Time - House Mix,5ABnK6bOqbsIRVsrc1UBOt,0.775,0.876,0.797,2
Me and Julio Down by the Schoolyard,6vxHp3CDNo0afgKGp2yi1E,0.626,0.816,0.798,2
Ashes to Ashes,2lJa0SY7vZpvJ7QDFanOuZ,0.696,0.871,0.8,2
Get Up Offa That Thing,0nyrltZrQGAJMBZc1bYvuQ,0.883,0.664,0.8,2
Come On Eileen,5uzNa0SBGOe5pPnstWHMCt,0.466,0.615,0.812,2
Fire in Cairo,71Znjl8mUrHfSg38OQU8bb,0.587,0.713,0.816,2
no song without you,3KKUf8F2hktFscLgbH4YwR,0.778,0.462,0.817,2
Geno - 2000 Remaster,7gb626DDDHoiuVAGZEnlJk,0.481,0.6,0.818,2
Inside Of You,6okaxit4V1bU6yIVVsP836,0.435,0.884,0.82,2
Fascination,4uqNn56KFQ7NtJ35xWZKvf,0.491,0.831,0.828,2
Only You,2ZaYFNn1YQuLSVdHhanr4Q,0.545,0.255,0.831,2
Two Princes,4ePP9So5xRzspjLFVVbj90,0.543,0.912,0.836,2
Miss You - Remastered,5pTWpY8l7B1XcQnijEFGFj,0.795,0.71,0.845,2
Come Out And Play (Keep ‘Em Separated),0Yb5Kfpf3boElZNa61wPdJ,0.476,0.856,0.847,2
Duck And Run,0s8OsDxW96cl290PcsI2mX,0.524,0.919,0.848,2
To the Moon,65AABj5XsDcxGT92w3jK0o,0.703,0.352,0.85,2
Should I Stay or Should I Go - Remastered,3v8PlUFGQQDBIk1J86waCo,0.742,0.844,0.85,2
How Bizarre,6RT3PxDEQOa7m6tK502DNa,0.784,0.675,0.854,2
Down On The Corner,4YMLW13PuuO7o3jkIWlKAs,0.831,0.544,0.856,2
Get Lucky (feat. Pharrell Williams & Nile Rodgers) - Radio Edit,2Foc5Q5nqNiosCNqttzHof,0.794,0.811,0.862,2
Superstition,4dwrL3Z5U2RZ6MZiKE2PgL,0.648,0.751,0.863,2
Lonely Boy,6wGMLoEqD2k3RBXFHD0yUp,0.588,0.598,0.866,2
I Was Made For Lovin' You,2ZSCy3P1QzpJySCWA6NRIU,0.768,0.852,0.867,2
Message In A Bottle - Remastered 2003,3bN4tg6rnNPy9GCkGhym4T,0.577,0.808,0.869,2
Smooth Criminal,2T3blUc9Jnui2a0ZhuNOag,0.653,0.966,0.874,2
Polyamorous,1OvDGGu8KDbchlJTlM48Mr,0.544,0.895,0.875,2
Take on Me,2WfaOiMkCvy7F5fcp2zZ8L,0.573,0.902,0.876,2
Don't Stop,4SXU3lUZ1eb4JWWbkQw43Y,0.686,0.632,0.88,2
Paralyzer,6k1njNBYUIQgWJLG4ed26y,0.646,0.938,0.888,2
Good Times,0G3fbPbE1vGeABDEZF0jeG,0.87,0.657,0.893,2
My Sharona,1HOMkjp0nHMaTnfAkslCQj,0.586,0.7,0.897,2
It's Goin' Down (feat. Mike Shinoda & Mr. Hahn),6Xb5klX1nnSUxoh2AyZd54,0.674,0.89,0.9,2
Just Can't Get Enough - Live in Hammersmith,5LAdBsIfjzAsusjc6WSLmH,0.653,0.975,0.911,2
Listen to the Music,7Ar4G7Ci11gpt6sfH9Cgz5,0.645,0.598,0.913,2
Don't You (Forget About Me) - Remastered,0A4PZuepTcIQVvA5m7R0M1,0.602,0.784,0.918,2
What I Like About You,6NdcSEhpGGAYXNnnhGS2s6,0.542,0.915,0.92,2
Groove Is in the Heart,2UVLuddklEVak5PXgC7baA,0.694,0.881,0.924,2
Dance Little Sister,4o9Kj7onklt6xbYl3jVArp,0.722,0.696,0.93,2
Easy Lover,7INi4pMPG4IE0Smx5y4KVf,0.749,0.699,0.935,2
Twist And Shout - Remastered 2009,5ZBeML7Lf3FMEVviTyvi8l,0.482,0.849,0.937,2
Brimful of Asha - Norman Cook Remix,5BegkNkGXa6TUobnxy5LFL,0.663,0.957,0.937,2
Wrong Way,6uUqBB6wXrcIJWssTRfIYE,0.663,0.671,0.955,2
Late in the Evening,2h23bjG8B3bcD47HBu6bHG,0.72,0.88,0.961,2
Stuck In The Middle With You,1b7LMtXCXGc2EwOIplI35z,0.795,0.564,0.961,2
Every Kinda People,5jkUfQV3wlplyoz0PUja09,0.631,0.547,0.962,2
Why Can't We Be Friends?,413T0g8pNNXYX6t5RqHvx7,0.776,0.714,0.962,2
Pumped Up Kicks,7w87IxuO7BDcJ3YUqCyMTT,0.733,0.71,0.965,2
Teardrops - Single Version,5HiKQLlJ3LAuz8J9yHB0HX,0.879,0.693,0.966,2
Kiss On My List - Remastered,3Jrf9MHZZWx3cXBeMkZWUu,0.806,0.847,0.97,2
Start Me Up - Remastered,7HKez549fwJQDzx3zLjHKC,0.631,0.932,0.971,2
Driver's Seat,0fJFBbpUxTwjhh1ScBQjeX,0.754,0.804,0.972,2
Talking In Your Sleep,7fRvtXvJMpGfTLdF0M09a1,0.72,0.967,0.977,2
